test_performance,validation_performance,test_average_evaluation_runtime,checkpoint_epoch,random_state
0.6658199957551342,0.6621339851336954,0.0021469210917897195,26,37
0.6749360099383523,0.6650479310706234,0.0021320417792437957,30,38
0.6651998331872193,0.6416559210832472,0.0022481561680108993,26,39
0.6695785818582386,0.6562304040050175,0.0021510003316588195,23,40
0.6686257279076483,0.6565835873702237,0.0021533142833346456,31,41
