test_performance,validation_performance,test_average_evaluation_runtime,checkpoint_epoch,random_state
0.9372180733700688,0.9408706498341046,0.0007684563000270796,44,37
0.9432106716646387,0.94452871878721,0.000771887937382837,30,38
0.9408189428025205,0.9467000941941467,0.0007697792018369323,38,39
0.9359633871541926,0.9540781706789774,0.0007694696606757598,33,40
0.9440763523361116,0.9549200074517479,0.0007733981758560314,45,42
0.9309349828186254,0.9478780528907247,0.0007719695159647224,22,43
0.9454989190228174,0.9468021798147246,0.0007681714829488016,34,44
0.9464187173454601,0.9443382134404934,0.0007741994757584754,40,45
0.9424050582954571,0.947384115822539,0.0007689313945186471,38,46
