test_performance,validation_performance,test_average_evaluation_runtime,checkpoint_epoch,random_state
0.9518367013983284,0.9411247586088948,0.00023909669425619306,22,37
0.9411827164030449,0.9353732869432186,0.00023670542888196977,9,39
0.9565271519707945,0.9421440795820057,0.00023726580512202348,21,41
0.9439396324971404,0.9423290225007344,0.00023789970011077225,6,42
0.9350907549647776,0.9411282089867175,0.00023631703205553023,8,44
