ids,tokens,aggregated_weights
0,Ġthe,6.564307e-35
8,Ġcamera,1.1226112e-35
3,Ġsomething,1.0885804e-35
1,Ġis,3.6651622e-36
9,Every,2.0495929e-36
10,where,8.997494e-37
5,Ġworth,6.867053e-37
2,Ġthere,3.8822963e-38
4,Ġ.,4.781588e-39
7,Ġseeing,4.57601e-39
6,Ġlooks,3.887789e-39
