test_performance,validation_performance,test_average_evaluation_runtime,checkpoint_epoch,random_state
0.9462686567164179,0.9696969696969697,0.001083661549126924,82,37
0.9432835820895522,0.9696969696969697,0.001077501809419091,105,38
0.9462686567164179,0.9636363636363636,0.001092270239075618,41,39
0.9462686567164179,0.9636363636363636,0.0010757353768419864,58,40
0.9462686567164179,0.9696969696969697,0.0010799173098891529,93,41
