test_performance,validation_performance,test_average_evaluation_runtime,checkpoint_epoch,random_state
0.9321312118430254,0.9462570196366091,0.0022193858371907143,10,37
0.9333136426485329,0.946670482906579,0.0022139723522034667,14,39
0.9443612524980787,0.9495598612299538,0.002225487021999089,24,40
0.950013009590909,0.9573186524127488,0.002213452492962694,13,42
0.951741245485715,0.9468497916935449,0.00221552790000919,20,43
0.9493197660023429,0.9577517802817694,0.00221525016251412,33,44
0.9400825213683196,0.9505618417208956,0.002213457829879266,26,45
0.9525629384156398,0.9494602299098394,0.0022146790035242575,33,46
