test_performance,validation_performance,test_average_evaluation_runtime,checkpoint_epoch,random_state
0.9313432835820895,0.9333333333333333,0.005920496271617377,23,37
0.9492537313432836,0.9393939393939394,0.005933279065943476,40,38
0.9641791044776119,0.9333333333333333,0.0059254283335671495,24,40
0.9074626865671642,0.8727272727272727,0.005921212950749184,26,41
0.9402985074626866,0.9393939393939394,0.005942885555438141,26,42
0.9522388059701492,0.9454545454545454,0.0059408906680434494,25,43
0.9313432835820895,0.9333333333333333,0.00593788018867151,15,44
0.9522388059701492,0.9333333333333333,0.005951969659150537,20,45
0.9582089552238806,0.9393939393939394,0.005926383431278058,27,46
