test_performance,validation_performance,test_average_evaluation_runtime,checkpoint_epoch,random_state
0.9384736022321942,0.962916872242626,0.0015955572533465892,88,37
0.9300027785583064,0.9749587532546916,0.0015957924044257487,92,38
