test_performance,validation_performance,test_average_evaluation_runtime,checkpoint_epoch,random_state
0.9225958353834787,0.9263170025013043,0.0005393277678439584,18,37
0.9048408492357385,0.926337275404721,0.0005368444678880353,20,38
0.916164963220385,0.9218871834343809,0.0005346527378436036,31,39
0.9006557116276417,0.9366743341185033,0.000532855395042172,18,40
0.9173974194255438,0.9370257527833017,0.0005365128166439218,35,41
0.9156800072677455,0.9486216781290708,0.0005357864514068144,31,42
