test_performance,validation_performance,test_average_evaluation_runtime,checkpoint_epoch,random_state
0.9087388422378999,0.933426044984007,0.0004067895836130894,37,37
0.9041049923470723,0.9089767914101103,0.0004077602489291941,38,38
0.9031247094319432,0.9246987982656042,0.00040824155167065127,18,39
0.8959007925894438,0.9384760276986709,0.0004072524794382067,54,40
0.9101350162839281,0.9272369137467736,0.0004069200657774401,46,41
0.9113572240106445,0.9411271237618304,0.00040782625242802257,33,42
0.9194653307057463,0.9182282921022871,0.00040842006608414943,39,43
0.9030290334610092,0.9359895041918931,0.0004090245535734202,39,45
0.8957787806624422,0.931130681565761,0.0004071065311074638,43,46
