test_performance,validation_performance,test_average_evaluation_runtime,checkpoint_epoch,random_state
0.9477819986422643,0.9414294168513672,0.0005324015393002276,32,37
0.9433963908863984,0.9386565821930339,0.0005285903273678741,22,39
0.9369189315103343,0.9463766517515915,0.0005329221609576536,28,40
0.9440805403376585,0.9541840251776313,0.0005344085466812712,22,41
0.9464045498216345,0.9652988684643873,0.0005340468344376914,19,42
0.9384971303235529,0.9504298188244082,0.0005334948447808221,34,43
0.9355199031709255,0.9462192289272209,0.000535533220161309,8,44
0.9409580903826424,0.9567805779056191,0.000530975602325537,17,45
0.9517344069341651,0.9500842252227648,0.0005260634607460576,18,46
