test_performance,validation_performance,test_average_evaluation_runtime,checkpoint_epoch,random_state
0.9194429650553626,0.9471590110098832,0.0009949811793397473,36,37
0.9384856302260427,0.9438513222212755,0.0009927213763798574,25,39
0.9156215387662471,0.9312622888451612,0.0009894632432710204,28,40
0.9302695231845375,0.9329099074093404,0.000991624694482656,20,41
0.9424499072767504,0.9546710177203156,0.0009923830812191953,36,42
0.9243428365238109,0.9389874362887554,0.0009859365216669507,38,43
0.940293964539213,0.9455390555456221,0.0009941308669381731,38,44
0.9182130575813466,0.9395437107987753,0.000993200827538014,30,45
0.9423461718662771,0.9461293799708211,0.0009896695314340256,47,46
