test_performance,validation_performance,test_average_evaluation_runtime,checkpoint_epoch,random_state
0.9522388059701492,0.9575757575757575,0.004301155858965062,8,37
0.9582089552238806,0.9515151515151515,0.004294313601593473,13,38
0.9432835820895522,0.9636363636363636,0.004305176236736241,8,39
0.9462686567164179,0.9575757575757575,0.004302651846586768,9,40
0.9522388059701492,0.9575757575757575,0.004294511453429265,9,42
0.9522388059701492,0.9636363636363636,0.004305394727792313,10,43
0.9552238805970149,0.9454545454545454,0.0042963070655936625,9,44
0.9522388059701492,0.9575757575757575,0.005738385755624344,29,45
0.9492537313432836,0.9575757575757575,0.004285197471504781,10,46
