test_performance,validation_performance,test_average_evaluation_runtime,checkpoint_epoch,random_state
0.5993337089242599,0.585383976782251,0.0027111948288345055,21,39
0.6025005852429216,0.5957971085852894,0.002702464863949119,21,40
0.592486084247728,0.5836440948805713,0.0027760378417478115,18,41
0.5936945008582114,0.6206754545390353,0.002696519613914669,20,42
0.6065678456244934,0.5695229005192761,0.002695709120481285,25,43
0.6106150913743137,0.5948885419945217,0.0026967008309054133,18,44
0.5925280683383319,0.5904501007741311,0.0026995492930934773,23,45
0.600041959704452,0.585871932571282,0.0028190398139585635,22,46
