test_performance,validation_performance,test_average_evaluation_runtime,checkpoint_epoch,random_state
0.6674801834601014,0.6582609698563325,0.0022891965975066738,23,37
0.6739844935552253,0.6317273761063321,0.0023276426696022517,23,38
0.673606669586922,0.651475767806012,0.002326942510366617,23,39
0.6744753295391266,0.6529513278122581,0.0023272413149523965,25,40
