test_performance,validation_performance,test_average_evaluation_runtime,checkpoint_epoch,random_state
0.6234372229200845,0.6149460963358311,0.003013843715176145,25,37
0.6174911951635196,0.6217422202778193,0.0030058917508631274,23,38
0.5966331545641499,0.6123320853060484,0.003005482847962437,17,39
0.6040568058051848,0.6177664567434006,0.0030006608720053373,13,40
0.6241130870970077,0.6116887292372636,0.0029928343383917384,20,41
0.6277331834526487,0.6411403591919868,0.0029965171771505934,24,42
0.6263990019473248,0.6133193464851655,0.003004552172222793,26,43
0.6191666079264643,0.6252643120992143,0.0030072491976284844,20,44
